,MAHALLE,İLCE,ZIPCODE
0,BURGAZADA MAH,ADALAR,34975
1,MADEN MAH,ADALAR,34970
2,NİZAM MAH,ADALAR,34970
3,HEYBELİADA MAH,ADALAR,34973
4,KINALIADA MAH,ADALAR,34977
5,ANADOLU MAH,ARNAVUTKÖY,34275
6,ARNAVUTKÖY MERKEZ MAH,ARNAVUTKÖY,34275
7,İMRAHOR MAH,ARNAVUTKÖY,34275
8,İSLAMBEY MAH,ARNAVUTKÖY,34275
9,MUSTAFA KEMAL PAŞA MAH,ARNAVUTKÖY,34275
10,NENEHATUN MAH,ARNAVUTKÖY,34275
11,YAVUZ SELİM MAH,ARNAVUTKÖY,34275
12,ADNAN MENDERES MAH,ARNAVUTKÖY,34277
13,BAKLALI MAH,ARNAVUTKÖY,34277
14,BALABAN MAH,ARNAVUTKÖY,34277
15,BOYALIK MAH,ARNAVUTKÖY,34277
16,ÇİLİNGİR MAH,ARNAVUTKÖY,34277
17,DURSUNKÖY MAH,ARNAVUTKÖY,34277
18,DURUSU MAH,ARNAVUTKÖY,34277
19,FATİH MAH,ARNAVUTKÖY,34277
20,HACIMAŞLI MAH,ARNAVUTKÖY,34277
21,KARABURUN MAH,ARNAVUTKÖY,34277
22,SAZLIBOSNA MAH,ARNAVUTKÖY,34277
23,TAYAKADIN MAH,ARNAVUTKÖY,34277
24,TERKOS MAH,ARNAVUTKÖY,34277
25,YASSIÖREN MAH,ARNAVUTKÖY,34277
26,YENİKÖY MAH,ARNAVUTKÖY,34277
27,ATATÜRK MAH,ARNAVUTKÖY,34285
28,BOĞAZKÖY İSTİKLAL MAH,ARNAVUTKÖY,34285
29,YUNUS EMRE MAH,ARNAVUTKÖY,34285
30,BOLLUCA MAH,ARNAVUTKÖY,34287
31,HİCRET MAH,ARNAVUTKÖY,34287
32,MAVİGÖL MAH,ARNAVUTKÖY,34287
33,DELİKLİKAYA MAH,ARNAVUTKÖY,34555
34,HADIMKÖY MAH,ARNAVUTKÖY,34555
35,HASTANE MAH,ARNAVUTKÖY,34555
36,ÖMERLİ MAH,ARNAVUTKÖY,34555
37,YEŞİLBAYIR MAH,ARNAVUTKÖY,34555
38,HARAÇÇI MAH,ARNAVUTKÖY,34281
39,KARLIBAYIR MAH,ARNAVUTKÖY,34281
40,MAREŞAL FEVZİ ÇAKMAK MAH,ARNAVUTKÖY,34283
41,MEHMET AKİF ERSOY MAH,ARNAVUTKÖY,34283
42,TAŞOLUK MAH,ARNAVUTKÖY,34283
43,FERHATPAŞA MAH,ATAŞEHİR,34888
44,İÇERENKÖY MAH,ATAŞEHİR,34752
45,İNÖNÜ MAH,ATAŞEHİR,34755
46,KAYIŞDAĞI MAH,ATAŞEHİR,34755
47,KÜÇÜKBAKKALKÖY MAH,ATAŞEHİR,34750
48,AŞIKVEYSEL MAH,ATAŞEHİR,34707
49,MUSTAFA KEMAL MAH,ATAŞEHİR,34707
50,ESATPAŞA MAH,ATAŞEHİR,34704
51,FETİH MAH,ATAŞEHİR,34704
52,ÖRNEK MAH,ATAŞEHİR,34704
53,MEVLANA MAH,ATAŞEHİR,34779
54,MİMAR SİNAN MAH,ATAŞEHİR,34779
55,YENİ ÇAMLICA MAH,ATAŞEHİR,34779
56,YENİŞEHİR MAH,ATAŞEHİR,34779
57,BARBAROS MAH,ATAŞEHİR,34746
58,YENİSAHRA MAH,ATAŞEHİR,34746
59,AMBARLI MAH,AVCILAR,34315
60,DENİZKÖŞKLER MAH,AVCILAR,34315
61,CİHANGİR MAH,AVCILAR,34310
62,MERKEZ MAH,AVCILAR,34310
63,FİRUZKÖY MAH,AVCILAR,34325
64,YEŞİLKENT MAH,AVCILAR,34325
65,GÜMÜŞPALA MAH,AVCILAR,34320
66,MUSTAFA KEMALPAŞA MAH,AVCILAR,34320
67,TAHTAKALE MAH,AVCILAR,34320
68,ÜNİVERSİTE MAH,AVCILAR,34320
69,ÇINAR MAH,BAĞCILAR,34200
70,FEVZİ ÇAKMAK MAH,BAĞCILAR,34200
71,KAZIM KARABEKİR MAH,BAĞCILAR,34200
72,SANCAKTEPE MAH,BAĞCILAR,34200
73,YENİGÜN MAH,BAĞCILAR,34200
74,YILDIZTEPE MAH,BAĞCILAR,34200
75,15 TEMMUZ MAH,BAĞCILAR,34212
76,BAĞLAR MAH,BAĞCILAR,34212
77,GÜNEŞLİ MAH,BAĞCILAR,34212
78,HÜRRİYET MAH,BAĞCILAR,34212
79,KİRAZLI MAH,BAĞCILAR,34212
80,YENİMAHALLE MAH,BAĞCILAR,34212
81,100. YIL MAH,BAĞCILAR,34218
82,DEMİRKAPI MAH,BAĞCILAR,34218
83,GÖZTEPE MAH,BAĞCILAR,34218
84,KEMALPAŞA MAH,BAĞCILAR,34218
85,MAHMUTBEY MAH,BAĞCILAR,34218
86,BAHÇELİEVLER MAH,BAHÇELİEVLER,34180
87,CUMHURİYET MAH,BAHÇELİEVLER,34180
88,SİYAVUŞPAŞA MAH,BAHÇELİEVLER,34180
89,SOĞANLI MAH,BAHÇELİEVLER,34180
90,KOCASİNAN MERKEZ MAH,BAHÇELİEVLER,34188
91,ŞİRİNEVLER MAH,BAHÇELİEVLER,34188
92,ÇOBANÇEŞME MAH,BAHÇELİEVLER,34197
93,YENİBOSNA MERKEZ MAH,BAHÇELİEVLER,34197
94,ZAFER MAH,BAHÇELİEVLER,34197
95,ATAKÖY 1. KISIM MAH,BAKIRKÖY,34158
96,ATAKÖY 2-5-6. KISIM MAH,BAKIRKÖY,34158
97,ATAKÖY 3-4-11. KISIM MAH,BAKIRKÖY,34158
98,ATAKÖY 7-8-9-10. KISIM MAH,BAKIRKÖY,34158
99,CEVİZLİK MAH,BAKIRKÖY,34142
100,SAKIZAĞACI MAH,BAKIRKÖY,34142
101,BASINKÖY MAH,BAKIRKÖY,34153
102,ŞENLİKKÖY MAH,BAKIRKÖY,34153
103,KARTALTEPE MAH,BAKIRKÖY,34145
104,OSMANİYE MAH,BAKIRKÖY,34146
105,YEŞİLKÖY MAH,BAKIRKÖY,34149
106,YEŞİLKÖY SB MAH,BAKIRKÖY,34149
107,YEŞİLYURT MAH,BAKIRKÖY,34149
108,ZEYTİNLİK MAH,BAKIRKÖY,34140
109,ZUHURATBABA MAH,BAKIRKÖY,34147
110,ALTINŞEHİR MAH,BAŞAKŞEHİR,34494
111,GÜVERCİNTEPE MAH,BAŞAKŞEHİR,34494
112,KAYABAŞI MAH,BAŞAKŞEHİR,34494
113,ŞAHİNTEPE MAH,BAŞAKŞEHİR,34494
114,BAHÇEŞEHİR 1. KISIM MAH,BAŞAKŞEHİR,34488
115,BAHÇEŞEHİR 2. KISIM MAH,BAŞAKŞEHİR,34488
116,BAŞAK MAH,BAŞAKŞEHİR,34480
117,BAŞAKŞEHİR MAH,BAŞAKŞEHİR,34480
118,İKİTELLİ OSB MAH,BAŞAKŞEHİR,34490
119,ZİYA GÖKALP MAH,BAŞAKŞEHİR,34490
120,ŞAMLAR MAH,BAŞAKŞEHİR,34492
121,ALTINTEPSİ MAH,BAYRAMPAŞA,34035
122,TERAZİDERE MAH,BAYRAMPAŞA,34035
123,VATAN MAH,BAYRAMPAŞA,34035
124,İSMET PAŞA MAH,BAYRAMPAŞA,34040
125,MURATPAŞA MAH,BAYRAMPAŞA,34040
126,ORTA MAH,BAYRAMPAŞA,34030
127,YENİDOĞAN MAH,BAYRAMPAŞA,34030
128,CEVATPAŞA MAH,BAYRAMPAŞA,34045
129,KOCATEPE MAH,BAYRAMPAŞA,34045
130,YILDIRIM MAH,BAYRAMPAŞA,34045
131,ABBASAĞA MAH,BEŞİKTAŞ,34022
132,CİHANNÜMA MAH,BEŞİKTAŞ,34022
133,SİNANPAŞA MAH,BEŞİKTAŞ,34022
134,AKAT MAH,BEŞİKTAŞ,34335
135,ARNAVUTKÖY MAH,BEŞİKTAŞ,34345
136,KURUÇEŞME MAH,BEŞİKTAŞ,34345
137,BEBEK MAH,BEŞİKTAŞ,34342
138,ETİLER MAH,BEŞİKTAŞ,34337
139,BALMUMCU MAH,BEŞİKTAŞ,34349
140,DİKİLİTAŞ MAH,BEŞİKTAŞ,34349
141,GAYRETTEPE MAH,BEŞİKTAŞ,34349
142,YILDIZ MAH,BEŞİKTAŞ,34349
143,KÜLTÜR MAH,BEŞİKTAŞ,34340
144,LEVAZIM MAH,BEŞİKTAŞ,34340
145,NİSBETİYE MAH,BEŞİKTAŞ,34340
146,ULUS MAH,BEŞİKTAŞ,34340
147,KONAKLAR MAH,BEŞİKTAŞ,34330
148,LEVENT MAH,BEŞİKTAŞ,34330
149,MECİDİYE MAH,BEŞİKTAŞ,34347
150,ORTAKÖY MAH,BEŞİKTAŞ,34347
151,MURADİYE MAH,BEŞİKTAŞ,34357
152,TÜRKALİ MAH,BEŞİKTAŞ,34357
153,VİŞNEZADE MAH,BEŞİKTAŞ,34357
154,ANADOLU HİSARI MAH,BEYKOZ,34810
155,KANLICA MAH,BEYKOZ,34810
156,KAVACIK MAH,BEYKOZ,34810
157,GÜMÜŞSUYU MAH,BEYKOZ,34820
158,YALIKÖY MAH,BEYKOZ,34820
159,BAKLACI MAH,BEYKOZ,34830
160,ÇENGELDERE MAH,BEYKOZ,34830
161,ÇİFTLİK MAH,BEYKOZ,34830
162,ÇUBUKLU MAH,BEYKOZ,34805
163,RÜZGARLIBAHÇE MAH,BEYKOZ,34805
164,GÖKSU MAH,BEYKOZ,34815
165,YENİ MAHALLE MAH,BEYKOZ,34815
166,ACARLAR MAH,BEYKOZ,34800
167,ÇİĞDEM MAH,BEYKOZ,34800
168,İNCİRKÖY MAH,BEYKOZ,34800
169,PAŞABAHÇE MAH,BEYKOZ,34800
170,SOĞUKSU MAH,BEYKOZ,34800
171,ALİBAHADIR MAH,BEYKOZ,34829
172,ANADOLUFENERİ MAH,BEYKOZ,34829
173,BOZHANE MAH,BEYKOZ,34829
174,GÖLLÜ MAH,BEYKOZ,34829
175,İSHAKLI MAH,BEYKOZ,34829
176,KAYNARCA MAH,BEYKOZ,34829
177,KILIÇLI MAH,BEYKOZ,34829
178,MAHMUTŞEVKETPAŞA MAH,BEYKOZ,34829
179,ÖĞÜMCE MAH,BEYKOZ,34829
180,PAŞAMANDIRA MAH,BEYKOZ,34829
181,POLONEZKÖY MAH,BEYKOZ,34829
182,POYRAZKÖY MAH,BEYKOZ,34829
183,RİVA MAH,BEYKOZ,34829
184,ZERZAVATÇI MAH,BEYKOZ,34829
185,AKBABA MAH,BEYKOZ,34825
186,ANADOLU KAVAĞI MAH,BEYKOZ,34825
187,ÇAMLIBAHÇE MAH,BEYKOZ,34825
188,DERESEKİ MAH,BEYKOZ,34825
189,ELMALI MAH,BEYKOZ,34825
190,GÖRELE MAH,BEYKOZ,34825
191,ORTAÇEŞME MAH,BEYKOZ,34825
192,ÖRNEKKÖY MAH,BEYKOZ,34825
193,TOKATKÖY MAH,BEYKOZ,34825
194,BARIŞ MAH,BEYLİKDÜZÜ,34520
195,BÜYÜKŞEHİR MAH,BEYLİKDÜZÜ,34520
196,KAVAKLI MAH,BEYLİKDÜZÜ,34520
197,ADNAN KAHVECİ MAH,BEYLİKDÜZÜ,34528
198,DEREAĞZI MAH,BEYLİKDÜZÜ,34528
199,GÜRPINAR MAH,BEYLİKDÜZÜ,34528
200,BEYLİKDÜZÜOSB MAH,BEYLİKDÜZÜ,34524
201,MARMARA MAH,BEYLİKDÜZÜ,34524
202,SAHİL MAH,BEYLİKDÜZÜ,34524
203,YAKUPLU MAH,BEYLİKDÜZÜ,34524
204,ARAP CAMİ MAH,BEYOĞLU,34421
205,BEREKETZADE MAH,BEYOĞLU,34421
206,EMEKYEMEZ MAH,BEYOĞLU,34421
207,ŞAHKULU MAH,BEYOĞLU,34421
208,KATİPMUSTAFA ÇELEBİ MAH,BEYOĞLU,34433
209,KILIÇALİ PAŞA MAH,BEYOĞLU,34433
210,KULOĞLU MAH,BEYOĞLU,34433
211,TOMTOM MAH,BEYOĞLU,34433
212,FETİHTEPE MAH,BEYOĞLU,34445
213,HALICIOĞLU MAH,BEYOĞLU,34445
214,KEÇECİ PİRİ MAH,BEYOĞLU,34445
215,ÖRNEKTEPE MAH,BEYOĞLU,34445
216,PİRİPAŞA MAH,BEYOĞLU,34445
217,SÜTLÜCE MAH,BEYOĞLU,34445
218,ASMALI MESCİT MAH,BEYOĞLU,34430
219,ÇATMA MESCİT MAH,BEYOĞLU,34430
220,EVLİYA ÇELEBİ MAH,BEYOĞLU,34430
221,BEDRETTİN MAH,BEYOĞLU,34440
222,CAMİİKEBİR MAH,BEYOĞLU,34440
223,HACIAHMET MAH,BEYOĞLU,34440
224,İSTİKLAL MAH,BEYOĞLU,34440
225,KADIMEHMET EFENDİ MAH,BEYOĞLU,34440
226,KAPTANPAŞA MAH,BEYOĞLU,34440
227,KULAKSIZ MAH,BEYOĞLU,34440
228,KÜÇÜK PİYALE MAH,BEYOĞLU,34440
229,PİYALEPAŞA MAH,BEYOĞLU,34440
230,YAHYA KAHYA MAH,BEYOĞLU,34440
231,FİRUZAĞA MAH,BEYOĞLU,34425
232,HACIMİMİ MAH,BEYOĞLU,34425
233,KEMANKEŞ KARAMUSTAFAPAŞA MAH,BEYOĞLU,34425
234,MÜEYYETZADE MAH,BEYOĞLU,34425
235,ÖMER AVNİ MAH,BEYOĞLU,34427
236,PÜRTELAŞ HASAN EFENDİ MAH,BEYOĞLU,34427
237,BOSTAN MAH,BEYOĞLU,34435
238,BÜLBÜL MAH,BEYOĞLU,34435
239,ÇUKUR MAH,BEYOĞLU,34435
240,HÜSEYİNAĞA MAH,BEYOĞLU,34435
241,KALYONCU KULLUĞU MAH,BEYOĞLU,34435
242,KAMER HATUN MAH,BEYOĞLU,34435
243,SURURİ MEHMET EFENDİ MAH,BEYOĞLU,34435
244,ŞEHİT MUHTAR MAH,BEYOĞLU,34435
245,19 MAYIS MAH,BÜYÜKÇEKMECE,34500
246,ALKENT 2000 MAH,BÜYÜKÇEKMECE,34500
247,ÇAKMAKLI MAH,BÜYÜKÇEKMECE,34500
248,DİZDARİYE MAH,BÜYÜKÇEKMECE,34500
249,KARAAĞAÇ MAH,BÜYÜKÇEKMECE,34500
250,PINARTEPE MAH,BÜYÜKÇEKMECE,34500
251,CELALİYE MAH,BÜYÜKÇEKMECE,34534
252,KAMİLOBA MAH,BÜYÜKÇEKMECE,34534
253,GÜZELCE MAH,BÜYÜKÇEKMECE,34530
254,KUMBURGAZ MAH,BÜYÜKÇEKMECE,34530
255,EKİNOBA MAH,BÜYÜKÇEKMECE,34535
256,MİMAROBA MAH,BÜYÜKÇEKMECE,34535
257,MİMARSİNAN MAH,BÜYÜKÇEKMECE,34535
258,MURAT ÇESME MAH,BÜYÜKÇEKMECE,34535
259,SİNANOBA MAH,BÜYÜKÇEKMECE,34535
260,AHMEDİYE MAH,BÜYÜKÇEKMECE,34537
261,TÜRKOBA MAH,BÜYÜKÇEKMECE,34537
262,AKALAN MAH,ÇATALCA,34540
263,AYDINLAR MAH,ÇATALCA,34540
264,BAHŞAYİŞ MAH,ÇATALCA,34540
265,BELGRAT MAH,ÇATALCA,34540
266,CELEPKÖY MAH,ÇATALCA,34540
267,ÇAKIL MAH,ÇATALCA,34540
268,ÇANAKÇA MAH,ÇATALCA,34540
269,ÇİFTLİKKÖY MAH,ÇATALCA,34540
270,DAĞYENİCE MAH,ÇATALCA,34540
271,ELBASAN MAH,ÇATALCA,34540
272,FERHATPAŞA SB MAH,ÇATALCA,34540
273,GÖKÇEALİ MAH,ÇATALCA,34540
274,GÜMÜŞPINAR MAH,ÇATALCA,34540
275,HALLAÇLI MAH,ÇATALCA,34540
276,HİSARBEYLİ MAH,ÇATALCA,34540
277,İHSANİYE MAH,ÇATALCA,34540
278,İNCEĞİZ MAH,ÇATALCA,34540
279,İZZETTİN MAH,ÇATALCA,34540
280,KABAKÇA MAH,ÇATALCA,34540
281,KALEİÇİ MAH,ÇATALCA,34540
282,KALFA MAH,ÇATALCA,34540
283,KARACAKÖY MERKEZ MAH,ÇATALCA,34540
284,KARAMANDERE MAH,ÇATALCA,34540
285,KESTANELİK MAH,ÇATALCA,34540
286,KIZILCAALİ MAH,ÇATALCA,34540
287,MURATBEY MERKEZ MAH,ÇATALCA,34540
288,NAKKAŞ MAH,ÇATALCA,34540
289,OKLALI MAH,ÇATALCA,34540
290,ORMANLI MAH,ÇATALCA,34540
291,OVAYENİCE MAH,ÇATALCA,34540
292,ÖRCÜNLÜ MAH,ÇATALCA,34540
293,ÖRENCİK MAH,ÇATALCA,34540
294,SUBAŞI MAH,ÇATALCA,34540
295,YAYLACIK MAH,ÇATALCA,34540
296,YAZLIK MAH,ÇATALCA,34540
297,ALEMDAĞ MAH,ÇEKMEKÖY,34794
298,ÇATALMEŞE MAH,ÇEKMEKÖY,34794
299,EKŞİOĞLU MAH,ÇEKMEKÖY,34794
300,NİŞANTEPE MAH,ÇEKMEKÖY,34794
301,ÇAMLIK MAH,ÇEKMEKÖY,34782
302,HAMİDİYE MAH,ÇEKMEKÖY,34782
303,MEHMET AKİF MAH,ÇEKMEKÖY,34782
304,HÜSEYİNLİ MAH,ÇEKMEKÖY,34799
305,KOÇULLU MAH,ÇEKMEKÖY,34799
306,REŞADİYE MAH,ÇEKMEKÖY,34799
307,SIRAPINAR MAH,ÇEKMEKÖY,34799
308,GÜNGÖREN MAH,ÇEKMEKÖY,34788
309,KİRAZLIDERE MAH,ÇEKMEKÖY,34788
310,SOĞUKPINAR MAH,ÇEKMEKÖY,34788
311,SULTANÇİFTLİĞİ MAH,ÇEKMEKÖY,34788
312,TAŞDELEN MAH,ÇEKMEKÖY,34788
313,BİRLİK MAH,ESENLER,34230
314,HAVAALANI MAH,ESENLER,34230
315,KEMER MAH,ESENLER,34230
316,ÇİFTE HAVUZLAR MAH,ESENLER,34220
317,DAVUTPAŞA MAH,ESENLER,34220
318,NAMIK KEMAL MAH,ESENLER,34220
319,NİNE HATUN MAH,ESENLER,34220
320,MENDERES MAH,ESENLER,34225
321,TUNA MAH,ESENLER,34225
322,ORUÇREİS MAH,ESENLER,34235
323,TURGUT REİS MAH,ESENLER,34235
324,BAĞLARÇEŞME MAH,ESENYURT,34517
325,PINAR MAH,ESENYURT,34517
326,SELAHADDİN EYYUBİ MAH,ESENYURT,34517
327,AKŞEMSEDDİN MAH,ESENYURT,34510
328,ARDIÇLI MAH,ESENYURT,34510
329,BALIKYOLU MAH,ESENYURT,34510
330,İNCİRTEPE MAH,ESENYURT,34510
331,SULTANİYE MAH,ESENYURT,34510
332,SÜLEYMANİYE MAH,ESENYURT,34510
333,YENİKENT MAH,ESENYURT,34510
334,BARBAROS HAYRETTİN PAŞA MAH,ESENYURT,34522
335,BATTALGAZİ MAH,ESENYURT,34522
336,GÖKEVLER MAH,ESENYURT,34522
337,NECİP FAZIL KISAKÜREK MAH,ESENYURT,34522
338,ŞEHİTLER MAH,ESENYURT,34522
339,GÜZELYURT MAH,ESENYURT,34515
340,MEHTERÇEŞME MAH,ESENYURT,34515
341,PİRİ REİS MAH,ESENYURT,34515
342,AKEVLER MAH,ESENYURT,34513
343,SAADETDERE MAH,ESENYURT,34513
344,TALATPAŞA MAH,ESENYURT,34513
345,TURGUT ÖZAL MAH,ESENYURT,34513
346,ÜÇEVLER MAH,ESENYURT,34513
347,AKÇABURGAZ MAH,ESENYURT,34538
348,AŞIK VEYSEL MAH,ESENYURT,34538
349,ESENKENT MAH,ESENYURT,34538
350,KOZA MAH,ESENYURT,34538
351,ORHAN GAZİ MAH,ESENYURT,34538
352,OSMANGAZİ MAH,ESENYURT,34538
353,ALİBEYKÖY MAH,EYÜPSULTAN,34060
354,EMNİYETTEPE MAH,EYÜPSULTAN,34060
355,GÜZELTEPE MAH,EYÜPSULTAN,34060
356,AKŞEMSETTİN MAH,EYÜPSULTAN,34070
357,ÇIRÇIR MAH,EYÜPSULTAN,34070
358,DEFTERDAR MAH,EYÜPSULTAN,34050
359,NİŞANCI MAH,EYÜPSULTAN,34050
360,SAKARYA MAH,EYÜPSULTAN,34050
361,SİLAHTARAĞA MAH,EYÜPSULTAN,34050
362,GÖKTÜRK MERKEZ MAH,EYÜPSULTAN,34077
363,AĞAÇLI MAH,EYÜPSULTAN,34076
364,AKPINAR MAH,EYÜPSULTAN,34076
365,ÇİFTALAN MAH,EYÜPSULTAN,34076
366,IŞIKLAR MAH,EYÜPSULTAN,34076
367,ODAYERİ MAH,EYÜPSULTAN,34076
368,PİRİNÇÇİ MAH,EYÜPSULTAN,34076
369,MİTHATPAŞA MAH,EYÜPSULTAN,34075
370,DÜĞMECİLER MAH,EYÜPSULTAN,34055
371,RAMİ CUMA MAH,EYÜPSULTAN,34055
372,RAMİ YENİ MAH,EYÜPSULTAN,34055
373,TOPÇULAR MAH,EYÜPSULTAN,34055
374,ESENTEPE MAH,EYÜPSULTAN,34065
375,KARADOLAP MAH,EYÜPSULTAN,34065
376,YEŞİLPINAR MAH,EYÜPSULTAN,34065
377,AKSARAY MAH,FATİH,34096
378,HASEKİ SULTAN MAH,FATİH,34096
379,ATİKALİ MAH,FATİH,34087
380,AYVANSARAY MAH,FATİH,34087
381,BALAT MAH,FATİH,34087
382,DERVİŞ ALİ MAH,FATİH,34087
383,BEYAZIT MAH,FATİH,34126
384,EMİN SİNAN MAH,FATİH,34126
385,MİMAR HAYRETTİN MAH,FATİH,34126
386,ŞEHSUVAR BEY MAH,FATİH,34126
387,ALEMDAR MAH,FATİH,34110
388,HOCAPAŞA MAH,FATİH,34110
389,İSKENDERPAŞA MAH,FATİH,34080
390,HIRKA-İ ŞERİF MAH,FATİH,34091
391,KARAGÜMRÜK MAH,FATİH,34091
392,CERRAHPAŞA MAH,FATİH,34098
393,KOCA MUSTAFAPAŞA MAH,FATİH,34098
394,SEYYİD ÖMER MAH,FATİH,34098
395,KATİP KASIM MAH,FATİH,34130
396,MESİHPAŞA MAH,FATİH,34130
397,MİMAR KEMALETTİN MAH,FATİH,34130
398,MUHSİNE HATUN MAH,FATİH,34130
399,NİŞANCA MAH,FATİH,34130
400,SARAÇ İSHAK MAH,FATİH,34130
401,MOLLA FENARİ MAH,FATİH,34120
402,SURURİ MAH,FATİH,34120
403,TAYA HATUN MAH,FATİH,34120
404,HOBYAR MAH,FATİH,34112
405,BİNBİRDİREK MAH,FATİH,34122
406,CANKURTARAN MAH,FATİH,34122
407,KÜÇÜK AYASOFYA MAH,FATİH,34122
408,SULTAN AHMET MAH,FATİH,34122
409,MEVLANAKAPI MAH,FATİH,34104
410,ŞEHREMİNİ MAH,FATİH,34104
411,MERCAN MAH,FATİH,34116
412,RÜSTEMPAŞA MAH,FATİH,34116
413,MOLLA GÜRANİ MAH,FATİH,34093
414,TOPKAPI MAH,FATİH,34093
415,BALABANAĞA MAH,FATİH,34134
416,DEMİRTAŞ MAH,FATİH,34134
417,HACI KADIN MAH,FATİH,34134
418,HOCA GIYASETTİN MAH,FATİH,34134
419,KALENDERHANE MAH,FATİH,34134
420,MOLLA HÜSREV MAH,FATİH,34134
421,SARIDEMİR MAH,FATİH,34134
422,YAVUZ SİNAN MAH,FATİH,34134
423,SİLİVRİKAPI MAH,FATİH,34107
424,SÜMBÜL EFENDİ MAH,FATİH,34107
425,YEDİKULE MAH,FATİH,34107
426,ALİ KUŞÇU MAH,FATİH,34083
427,CİBALİ MAH,FATİH,34083
428,YAVUZ SULTAN SELİM MAH,FATİH,34083
429,ZEYREK MAH,FATİH,34083
430,BAĞLARBAŞI MAH,GAZİOSMANPAŞA,34245
431,SARIGÖL MAH,GAZİOSMANPAŞA,34245
432,KARADENİZ MAH,GAZİOSMANPAŞA,34250
433,ŞEMSİPAŞA MAH,GAZİOSMANPAŞA,34250
434,KARAYOLLARI MAH,GAZİOSMANPAŞA,34255
435,KARLITEPE MAH,GAZİOSMANPAŞA,34240
436,PAZARİÇİ MAH,GAZİOSMANPAŞA,34240
437,YILDIZTABYA MAH,GAZİOSMANPAŞA,34240
438,AKINCILAR MAH,GÜNGÖREN,34160
439,GÜVEN MAH,GÜNGÖREN,34160
440,HAZNEDAR MAH,GÜNGÖREN,34160
441,MAREŞAL ÇAKMAK MAH,GÜNGÖREN,34160
442,GÜNEŞTEPE MAH,GÜNGÖREN,34164
443,GENÇOSMAN MAH,GÜNGÖREN,34165
444,SANAYİ MAH,GÜNGÖREN,34165
445,ABDURRAHMAN NAFİZ GÜRMAN MAH,GÜNGÖREN,34173
446,MEHMET NESİH ÖZMEN MAH,GÜNGÖREN,34173
447,TOZKOPARAN MAH,GÜNGÖREN,34173
448,BOSTANCI MAH,KADIKÖY,34744
449,CADDEBOSTAN MAH,KADIKÖY,34728
450,CAFERAĞA MAH,KADIKÖY,34710
451,EĞİTİM MAH,KADIKÖY,34722
452,HASANPAŞA MAH,KADIKÖY,34722
453,ERENKÖY MAH,KADIKÖY,34738
454,FENERBAHÇE MAH,KADIKÖY,34726
455,FENERYOLU MAH,KADIKÖY,34724
456,ZÜHTÜPAŞA MAH,KADIKÖY,34724
457,DUMLUPINAR MAH,KADIKÖY,34720
458,FİKİRTEPE MAH,KADIKÖY,34720
459,ACIBADEM MAH,KADIKÖY,34718
460,KOŞUYOLU MAH,KADIKÖY,34718
461,KOZYATAĞI MAH,KADIKÖY,34742
462,MERDİVENKÖY MAH,KADIKÖY,34732
463,OSMANAĞA MAH,KADIKÖY,34714
464,RASİMPAŞA MAH,KADIKÖY,34716
465,SAHRAYICEDİT MAH,KADIKÖY,34734
466,SUADİYE MAH,KADIKÖY,34740
467,ÇAĞLAYAN MAH,KAĞITHANE,34403
468,ÇELİKTEPE MAH,KAĞITHANE,34413
469,ORTABAYIR MAH,KAĞITHANE,34413
470,GÜLTEPE MAH,KAĞITHANE,34410
471,HARMANTEPE MAH,KAĞITHANE,34410
472,TELSİZLER MAH,KAĞITHANE,34410
473,YAHYA KEMAL MAH,KAĞITHANE,34410
474,GÜRSEL MAH,KAĞITHANE,34400
475,NURTEPE MAH,KAĞITHANE,34406
476,SEYRANTEPE MAH,KAĞITHANE,34418
477,YEŞİLCE MAH,KAĞITHANE,34418
478,EMNİYET EVLERİ MAH,KAĞITHANE,34415
479,SULTAN SELİM MAH,KAĞITHANE,34415
480,ŞİRİNTEPE MAH,KAĞITHANE,34415
481,ATALAR MAH,KARTAL,34862
482,PETROL İŞ MAH,KARTAL,34862
483,KARLIKTEPE MAH,KARTAL,34870
484,KORDONBOYU MAH,KARTAL,34860
485,YUKARI MAH,KARTAL,34860
486,CEVİZLİ MAH,KARTAL,34865
487,ORHANTEPE MAH,KARTAL,34865
488,SOĞANLIK YENİ MAH,KARTAL,34880
489,ÇAVUŞOĞLU MAH,KARTAL,34873
490,TOPSELVİ MAH,KARTAL,34873
491,YALI MAH,KARTAL,34873
492,YUNUS MAH,KARTAL,34873
493,UĞUR MUMCU MAH,KARTAL,34882
494,YAKACIK YENİ MAH,KARTAL,34882
495,YAKACIK ÇARŞI MAH,KARTAL,34876
496,ATAKENT MAH,KÜÇÜKÇEKMECE,34307
497,KÜÇÜKÇEKMECE İKİTELLİOSB MAH,KÜÇÜKÇEKMECE,34307
498,HALKALI MERKEZ MAH,KÜÇÜKÇEKMECE,34303
499,İSTASYON MAH,KÜÇÜKÇEKMECE,34303
500,YARIMBURGAZ MAH,KÜÇÜKÇEKMECE,34303
501,CENNET MAH,KÜÇÜKÇEKMECE,34290
502,KANARYA MAH,KÜÇÜKÇEKMECE,34290
503,BEŞYOL MAH,KÜÇÜKÇEKMECE,34295
504,SÖĞÜTLÜ ÇEŞME MAH,KÜÇÜKÇEKMECE,34295
505,SULTAN MURAT MAH,KÜÇÜKÇEKMECE,34295
506,TEVFİKBEY MAH,KÜÇÜKÇEKMECE,34295
507,YEŞİLOVA MAH,KÜÇÜKÇEKMECE,34295
508,AYDINEVLER MAH,MALTEPE,34854
509,BAŞIBÜYÜK MAH,MALTEPE,34854
510,FINDIKLI MAH,MALTEPE,34854
511,BÜYÜKBAKKALKÖY MAH,MALTEPE,34858
512,ALTAYÇEŞME MAH,MALTEPE,34843
513,FEYZULLAH MAH,MALTEPE,34843
514,GÜLENSU MAH,MALTEPE,34848
515,GÜLSUYU MAH,MALTEPE,34848
516,İDEALTEPE MAH,MALTEPE,34841
517,ALTINTEPE MAH,MALTEPE,34840
518,KÜÇÜKYALI MERKEZ MAH,MALTEPE,34840
519,GİRNE MAH,MALTEPE,34852
520,ZÜMRÜTEVLER MAH,MALTEPE,34852
521,SAPAN BAĞLARI MAH,PENDİK,34893
522,YENİ MAH,PENDİK,34893
523,YEŞİLBAĞLAR MAH,PENDİK,34893
524,ÇAMÇEŞME MAH,PENDİK,34899
525,ESENLER MAH,PENDİK,34899
526,KAVAKPINAR MAH,PENDİK,34899
527,BATI MAH,PENDİK,34890
528,DOĞU MAH,PENDİK,34890
529,ÇINARDERE MAH,PENDİK,34896
530,VELİBABA MAH,PENDİK,34896
531,AHMET YESEVİ MAH,PENDİK,34903
532,ESENYALI MAH,PENDİK,34903
533,GÜZELYALI MAH,PENDİK,34903
534,ORHANGAZİ MAH,PENDİK,34903
535,BALLICA MAH,PENDİK,34916
536,EMİRLİ MAH,PENDİK,34916
537,GÖÇBEYLİ MAH,PENDİK,34916
538,KURNA MAH,PENDİK,34916
539,KURTDOĞMUŞ MAH,PENDİK,34916
540,GÜLLÜ BAĞLAR MAH,PENDİK,34906
541,RAMAZANOĞLU MAH,PENDİK,34906
542,ŞEYHLİ MAH,PENDİK,34906
543,ERTUĞRUL GAZİ MAH,PENDİK,34909
544,SÜLÜNTEPE MAH,PENDİK,34909
545,YAYALAR MAH,PENDİK,34909
546,HARMANDERE MAH,PENDİK,34912
547,KURTKÖY MAH,PENDİK,34912
548,EYÜP SULTAN MAH,SANCAKTEPE,34885
549,VEYSEL KARANİ MAH,SANCAKTEPE,34885
550,ABDURRAHMANGAZİ MAH,SANCAKTEPE,34887
551,EMEK MAH,SANCAKTEPE,34785
552,KEMAL TÜRKLER MAH,SANCAKTEPE,34785
553,MECLİS MAH,SANCAKTEPE,34785
554,SARIGAZİ MAH,SANCAKTEPE,34785
555,HİLAL MAH,SANCAKTEPE,34791
556,MERVE MAH,SANCAKTEPE,34791
557,PAŞAKÖY MAH,SANCAKTEPE,34791
558,SAFA MAH,SANCAKTEPE,34791
559,BAHÇEKÖY KEMER MAH,SARIYER,34473
560,BAHÇEKÖY MERKEZ MAH,SARIYER,34473
561,BAHÇEKÖY YENİ MAH,SARIYER,34473
562,BÜYÜKDERE MAH,SARIYER,34453
563,ÇAYIRBAŞI MAH,SARIYER,34453
564,KOCATAŞ MAH,SARIYER,34453
565,PTT EVLERİ MAH,SARIYER,34453
566,EMİRGAN MAH,SARIYER,34467
567,REŞİTPAŞA MAH,SARIYER,34467
568,İSTİNYE MAH,SARIYER,34460
569,POLİGON MAH,SARIYER,34460
570,AYAZAĞA MAH,SARIYER,34485
571,HUZUR MAH,SARIYER,34485
572,MASLAK MAH,SARIYER,34485
573,BALTALİMANI MAH,SARIYER,34470
574,FATİH SULTAN MEHMET MAH,SARIYER,34470
575,RUMELİHİSARI MAH,SARIYER,34470
576,DEMİRCİKÖY MAH,SARIYER,34450
577,GARİPÇE MAH,SARIYER,34450
578,GÜMÜŞDERE MAH,SARIYER,34450
579,KAZIM KARABEKİR PAŞA MAH,SARIYER,34450
580,KISIRKAYA MAH,SARIYER,34450
581,KUMKÖY  MAH (KİLYOS MAH),SARIYER,34450
582,RUMELİFENERİ MAH,SARIYER,34450
583,RUMELİKAVAĞI MAH,SARIYER,34450
584,SARIYER MERKEZ MAH,SARIYER,34450
585,USKUMRUKÖY MAH,SARIYER,34450
586,ZEKERİYAKÖY MAH,SARIYER,34450
587,ÇAMLITEPE MAH,SARIYER,34457
588,DARÜŞŞAFAKA MAH,SARIYER,34457
589,FERAHEVLER MAH,SARIYER,34457
590,KİREÇBURNU MAH,SARIYER,34457
591,TARABYA MAH,SARIYER,34457
592,BEYCİLER MAH,SİLİVRİ,34594
593,BÜYÜK ÇAVUŞLU MAH,SİLİVRİ,34594
594,BÜYÜK SİNEKLİ MAH,SİLİVRİ,34594
595,ÇAYIRDERE MAH,SİLİVRİ,34594
596,DANAMANDIRA MAH,SİLİVRİ,34594
597,KÜÇÜK SİNEKLİ MAH,SİLİVRİ,34594
598,SAYALAR MAH,SİLİVRİ,34594
599,FEVZİPAŞA MAH,SİLİVRİ,34586
600,İSMETPAŞA MAH,SİLİVRİ,34586
601,BEKİRLİ MAH,SİLİVRİ,34582
602,BÜYÜK KILIÇLI MAH,SİLİVRİ,34582
603,ÇELTİK MAH,SİLİVRİ,34582
604,FENER MAH,SİLİVRİ,34582
605,KURFALLI MAH,SİLİVRİ,34582
606,KÜÇÜK KILIÇLI MAH,SİLİVRİ,34582
607,SEYMEN MAH,SİLİVRİ,34582
608,YOLÇATI MAH,SİLİVRİ,34582
609,GÜMÜŞYAKA MAH,SİLİVRİ,34588
610,AKÖREN MAH,SİLİVRİ,34592
611,GAZİTEPE MAH,SİLİVRİ,34592
612,KADIKÖY MAH,SİLİVRİ,34592
613,SELİMPAŞA MAH,SİLİVRİ,34590
614,ALİBEY MAH,SİLİVRİ,34570
615,ALİPAŞA MAH,SİLİVRİ,34570
616,PİRİ MEHMET PAŞA MAH,SİLİVRİ,34570
617,SEMİZKUMLAR MAH,SİLİVRİ,34570
618,ADİL MAH,SULTANBEYLİ,34935
619,NECİP FAZIL MAH,SULTANBEYLİ,34925
620,50. YIL MAH,SULTANGAZİ,34265
621,CEBECİ MAH,SULTANGAZİ,34270
622,ESKİ HABİPLER MAH,SULTANGAZİ,34270
623,HABİBLER MAH,SULTANGAZİ,34270
624,MALKOÇOĞLU MAH,SULTANGAZİ,34270
625,YAYLA MAH,SULTANGAZİ,34270
626,75. YIL MAH,SULTANGAZİ,34260
627,GAZİ MAH,SULTANGAZİ,34260
628,ZÜBEYDE HANIM MAH,SULTANGAZİ,34260
629,AĞVA MERKEZ MAH,ŞİLE,34990
630,BUCAKLI MAH,ŞİLE,34990
631,ÇATAKLI MAH,ŞİLE,34990
632,ÇELEBİ MAH,ŞİLE,34990
633,GEREDELİ MAH,ŞİLE,34990
634,GÖÇE MAH,ŞİLE,34990
635,GÖKMAŞLI MAH,ŞİLE,34990
636,HACILLI MAH,ŞİLE,34990
637,İSAKÖY MAH,ŞİLE,34990
638,KALEM MAH,ŞİLE,34990
639,SOĞULLU MAH,ŞİLE,34990
640,ŞUAYİPLİ MAH,ŞİLE,34990
641,AĞAÇDERE MAH,ŞİLE,34983
642,AHMETLİ MAH,ŞİLE,34983
643,AKÇAKESE MAH,ŞİLE,34983
644,ALACALI MAH,ŞİLE,34983
645,AVCIKORU MAH,ŞİLE,34983
646,BIÇKIDERE MAH,ŞİLE,34983
647,BOZGOCA MAH,ŞİLE,34983
648,ÇENGİLLİ MAH,ŞİLE,34983
649,DARLIK MAH,ŞİLE,34983
650,DEĞİRMENÇAYIRI MAH,ŞİLE,34983
651,DOĞANCILI MAH,ŞİLE,34983
652,ERENLER MAH,ŞİLE,34983
653,ESENCELİ MAH,ŞİLE,34983
654,HASANLI MAH,ŞİLE,34983
655,İMRENDERE MAH,ŞİLE,34983
656,İMRENLİ MAH,ŞİLE,34983
657,KABAKOZ MAH,ŞİLE,34983
658,KARABEYLİ MAH,ŞİLE,34983
659,KARACAKÖY MAH,ŞİLE,34983
660,KARAKİRAZ MAH,ŞİLE,34983
661,KERVANSARAY MAH,ŞİLE,34983
662,KIZILCA MAH,ŞİLE,34983
663,KORUCU MAH,ŞİLE,34983
664,KÖMÜRLÜK MAH,ŞİLE,34983
665,MEŞRUTİYET MAH,ŞİLE,34983
666,ORUÇOĞLU MAH,ŞİLE,34983
667,OSMANKÖY MAH,ŞİLE,34983
668,OVACIK MAH,ŞİLE,34983
669,SAHİLKÖY MAH,ŞİLE,34983
670,SATMAZLI MAH,ŞİLE,34983
671,SOFULAR MAH,ŞİLE,34983
672,SORTULLU MAH,ŞİLE,34983
673,TEKE MAH,ŞİLE,34983
674,ULUPELİT MAH,ŞİLE,34983
675,ÜVEZLİ MAH,ŞİLE,34983
676,YAKA MAH,ŞİLE,34983
677,YAYLALI MAH,ŞİLE,34983
678,YAZIMANAYIR MAH,ŞİLE,34983
679,YEŞİLVADİ MAH,ŞİLE,34983
680,BALİBEY MAH,ŞİLE,34980
681,ÇAVUŞ MAH,ŞİLE,34980
682,HACI KASIM MAH,ŞİLE,34980
683,KUMBABA MAH,ŞİLE,34980
684,BOZKURT MAH,ŞİŞLİ,34375
685,ESKİŞEHİR MAH,ŞİŞLİ,34375
686,DUATEPE MAH,ŞİŞLİ,34379
687,PAŞA MAH,ŞİŞLİ,34379
688,FULYA MAH,ŞİŞLİ,34394
689,GÜLBAHAR MAH,ŞİŞLİ,34394
690,FERİKÖY MAH,ŞİŞLİ,34377
691,HALASKARGAZİ MAH,ŞİŞLİ,34371
692,HARBİYE MAH,ŞİŞLİ,34367
693,İZZET PAŞA MAH,ŞİŞLİ,34381
694,KUŞTEPE MAH,ŞİŞLİ,34381
695,MECİDİYEKÖY MAH,ŞİŞLİ,34381
696,HALİDE EDİP ADIVAR MAH,ŞİŞLİ,34384
697,HALİL RIFAT PAŞA MAH,ŞİŞLİ,34384
698,MAHMUT ŞEVKET PAŞA MAH,ŞİŞLİ,34384
699,ERGENEKON MAH,ŞİŞLİ,34373
700,TEŞVİKİYE MAH,ŞİŞLİ,34365
701,AKFIRAT MAH,TUZLA,34959
702,TEPEOREN İTOSB MAH,TUZLA,34959
703,TEPEÖREN MAH,TUZLA,34959
704,AYDINLI - BİRLİK OSB MAH,TUZLA,34953
705,AYDINLI - İSTANBUL AYOSB MAH,TUZLA,34953
706,AYDINLI MAH,TUZLA,34953
707,AYDINLI SB MAH,TUZLA,34953
708,AYDINLI-KOSB MAH,TUZLA,34953
709,CAMİ MAH,TUZLA,34940
710,POSTANE MAH,TUZLA,34940
711,AYDINTEPE MAH,TUZLA,34947
712,İÇMELER MAH,TUZLA,34947
713,ŞİFA MAH,TUZLA,34950
714,DERİ OSB MAH,TUZLA,34956
715,MESCİT MAH,TUZLA,34956
716,ORHANLI MAH,TUZLA,34956
717,ADEM YAVUZ MAH,ÜMRANİYE,34773
718,AŞAĞI DUDULLU MAH,ÜMRANİYE,34773
719,PARSELLER MAH,ÜMRANİYE,34773
720,ARMAĞANEVLER MAH,ÜMRANİYE,34760
721,FİNANSKENT MAH,ÜMRANİYE,34760
722,SİTE MAH,ÜMRANİYE,34760
723,ELMALIKENT MAH,ÜMRANİYE,34764
724,TANTAVİ MAH,ÜMRANİYE,34764
725,ÇAKMAK MAH,ÜMRANİYE,34774
726,TATLISU MAH,ÜMRANİYE,34774
727,ESENŞEHİR MAH,ÜMRANİYE,34776
728,MADENLER MAH,ÜMRANİYE,34776
729,CEMİL MERİÇ MAH,ÜMRANİYE,34771
730,IHLAMURKUYU MAH,ÜMRANİYE,34771
731,TEPEÜSTÜ MAH,ÜMRANİYE,34771
732,İNKILAP MAH,ÜMRANİYE,34768
733,SARAY MAH,ÜMRANİYE,34768
734,YAMANEVLER MAH,ÜMRANİYE,34768
735,HEKİMBAŞI MAH,ÜMRANİYE,34766
736,TOPAĞACI MAH,ÜMRANİYE,34766
737,ESENEVLER MAH,ÜMRANİYE,34762
738,DUDULLU OSB MAH,ÜMRANİYE,34775
739,ŞERİFALİ MAH,ÜMRANİYE,34775
740,YUKARI DUDULLU MAH,ÜMRANİYE,34775
741,ALTUNİZADE MAH,ÜSKÜDAR,34662
742,BEYLERBEYİ MAH,ÜSKÜDAR,34676
743,BURHANİYE MAH,ÜSKÜDAR,34676
744,KÜPLÜCE MAH,ÜSKÜDAR,34676
745,BULGURLU MAH,ÜSKÜDAR,34696
746,KÜÇÜK ÇAMLICA MAH,ÜSKÜDAR,34696
747,ÇENGELKÖY MAH,ÜSKÜDAR,34680
748,FERAH MAH,ÜSKÜDAR,34692
749,KISIKLI MAH,ÜSKÜDAR,34692
750,KANDİLLİ MAH,ÜSKÜDAR,34684
751,KULELİ MAH,ÜSKÜDAR,34684
752,KÜÇÜKSU MAH,ÜSKÜDAR,34684
753,KİRAZLITEPE MAH,ÜSKÜDAR,34682
754,İCADİYE MAH,ÜSKÜDAR,34674
755,KUZGUNCUK MAH,ÜSKÜDAR,34674
756,SULTANTEPE MAH,ÜSKÜDAR,34674
757,AZİZ MAHMUT HÜDAYİ MAH,ÜSKÜDAR,34672
758,MURATREİS MAH,ÜSKÜDAR,34664
759,SELAMİ ALİ MAH,ÜSKÜDAR,34664
760,VALİDE-İ ATİK MAH,ÜSKÜDAR,34664
761,SALACAK MAH,ÜSKÜDAR,34668
762,SELİMİYE MAH,ÜSKÜDAR,34668
763,ZEYNEP KAMİL MAH,ÜSKÜDAR,34668
764,ÜNALAN MAH,ÜSKÜDAR,34700
765,YAVUZTÜRK MAH,ÜSKÜDAR,34690
766,ÇIRPICI MAH,ZEYTİNBURNU,34025
767,NURİPAŞA MAH,ZEYTİNBURNU,34025
768,SÜMER MAH,ZEYTİNBURNU,34025
769,VELİEFENDİ MAH,ZEYTİNBURNU,34025
770,YEŞİLTEPE MAH,ZEYTİNBURNU,34025
771,MERKEZEFENDİ MAH,ZEYTİNBURNU,34015
772,SEYİTNİZAM MAH,ZEYTİNBURNU,34015
773,BEŞTELSİZ MAH,ZEYTİNBURNU,34020
774,GÖKALP MAH,ZEYTİNBURNU,34020
775,KAZLIÇEŞME MAH,ZEYTİNBURNU,34020
776,TELSİZ MAH,ZEYTİNBURNU,34020
777,MALTEPE MAH,ZEYTİNBURNU,34010
